<application>
  <component name="ParameterNameHintsSettings">
    <blacklists>
      <blacklist language="TypeScript" />
      <blacklist language="Java" />
      <blacklist language="Angular HTML Template" />
      <blacklist language="Scala" />
      <blacklist language="JavaScript" />
      <blacklist language="Groovy" />
      <blacklist language="Kotlin" />
      <blacklist language="SQL" />
    </blacklists>
    <disabledLanguages>
      <language id="JAVA" />
      <language id="kotlin" />
      <language id="Groovy" />
    </disabledLanguages>
  </component>
</application>