<application>
  <component name="ProjectManager">
    <defaultProject>
      <component name="SbtLocalSettings">
        <option name="projectSyncType">
          <map>
            <entry key="$USER_HOME$/work/arbiter" value="PREVIEW" />
            <entry key="$USER_HOME$/work/pw-build-plugin" value="PREVIEW" />
            <entry key="$USER_HOME$/work/pw-dep-plugin" value="PREVIEW" />
            <entry key="$USER_HOME$/work/pw-service" value="PREVIEW" />
            <entry key="$USER_HOME$/work/pw-service-example" value="PREVIEW" />
            <entry key="$USER_HOME$/work/pw-tracing" value="PREVIEW" />
            <entry key="$USER_HOME$/work/pw-zk" value="PREVIEW" />
            <entry key="$USER_HOME$/work/quaero" value="PREVIEW" />
            <entry key="$USER_HOME$/work/retrospect" value="PREVIEW" />
            <entry key="$USER_HOME$/work/sbt" value="PREVIEW" />
            <entry key="$USER_HOME$/work/scamandrius" value="PREVIEW" />
            <entry key="$USER_HOME$/work/sol" value="PREVIEW" />
            <entry key="$USER_HOME$/work/spark-cassandra-connector" value="PREVIEW" />
            <entry key="$USER_HOME$/work/spark-hashing" value="PREVIEW" />
          </map>
        </option>
      </component>
      <component name="ScalaSbtSettings">
        <option name="customVMPath" />
        <option name="maximumHeapSize" value="4096" />
      </component>
      <component name="ThriftCompiler">
        <compilers />
      </component>
      <component name="masterDetails">
        <states>
          <state key="ProjectJDKs.UI">
            <settings>
              <last-edited>1.8</last-edited>
              <splitter-proportions>
                <option name="proportions">
                  <list>
                    <option value="0.2" />
                  </list>
                </option>
              </splitter-proportions>
            </settings>
          </state>
        </states>
      </component>
    </defaultProject>
  </component>
</application>